Post_ID,Username,Post_Content,Timestamp
post_1,user_48,Had a great day!,2022-09-21 09:06:07.946897
post_2,user_93,I love my friends.,2022-09-23 09:06:07.946897
post_3,user_48,I love my friends.,2022-09-23 09:06:07.946897
post_4,user_44,This place is amazing!,2022-09-24 09:06:07.946897
post_5,user_4,I love my friends.,2022-09-24 09:06:07.946897
post_6,user_69,Had a great day!,2022-09-25 09:06:07.946897
post_7,user_37,Had a great day!,2022-09-26 09:06:07.946897
post_8,user_61,Had a great day!,2022-09-27 09:06:07.946897
post_9,user_28,Had a great day!,2022-09-27 09:06:07.946897
post_10,user_71,Feeling blessed.,2022-09-28 09:06:07.946897
post_11,user_65,I love my friends.,2022-09-29 09:06:07.946897
post_12,user_58,Feeling blessed.,2022-09-30 09:06:07.946897
post_13,user_39,I love my friends.,2022-10-01 09:06:07.946897
post_14,user_24,Had a great day!,2022-10-02 09:06:07.946897
post_15,user_56,Feeling blessed.,2022-10-02 09:06:07.946897
post_16,user_1,I love my friends.,2022-10-03 09:06:07.946897
post_17,user_59,This place is amazing!,2022-10-04 09:06:07.946897
post_18,user_8,This place is amazing!,2022-10-04 09:06:07.946897
post_19,user_67,I love my friends.,2022-10-04 09:06:07.946897
post_20,user_94,Had a great day!,2022-10-06 09:06:07.946897
post_21,user_11,Feeling blessed.,2022-10-06 09:06:07.946897
post_22,user_65,This place is amazing!,2022-10-07 09:06:07.946897
post_23,user_70,I love my friends.,2022-10-07 09:06:07.946897
post_24,user_70,This place is amazing!,2022-10-07 09:06:07.946897
post_25,user_35,Feeling blessed.,2022-10-08 09:06:07.946897
post_26,user_94,Feeling blessed.,2022-10-08 09:06:07.946897
post_27,user_72,Had a great day!,2022-10-09 09:06:07.946897
post_28,user_35,Feeling blessed.,2022-10-10 09:06:07.946897
post_29,user_59,Feeling blessed.,2022-10-10 09:06:07.946897
post_30,user_48,Feeling blessed.,2022-10-12 09:06:07.946897
post_31,user_26,I love my friends.,2022-10-13 09:06:07.946897
post_32,user_24,This place is amazing!,2022-10-13 09:06:07.946897
post_33,user_29,This place is amazing!,2022-10-13 09:06:07.946897
post_34,user_57,Had a great day!,2022-10-14 09:06:07.946897
post_35,user_93,This place is amazing!,2022-10-17 09:06:07.946897
post_36,user_41,Had a great day!,2022-10-17 09:06:07.946897
post_37,user_22,I love my friends.,2022-10-17 09:06:07.946897
post_38,user_76,Feeling blessed.,2022-10-19 09:06:07.946897
post_39,user_90,Had a great day!,2022-10-20 09:06:07.946897
post_40,user_89,This place is amazing!,2022-10-21 09:06:07.946897
post_41,user_70,This place is amazing!,2022-10-21 09:06:07.946897
post_42,user_55,This place is amazing!,2022-10-21 09:06:07.946897
post_43,user_42,I love my friends.,2022-10-24 09:06:07.946897
post_44,user_79,I love my friends.,2022-10-24 09:06:07.946897
post_45,user_37,Had a great day!,2022-10-24 09:06:07.946897
post_46,user_40,Feeling blessed.,2022-10-25 09:06:07.946897
post_47,user_85,Feeling blessed.,2022-10-25 09:06:07.946897
post_48,user_32,I love my friends.,2022-10-26 09:06:07.946897
post_49,user_12,Had a great day!,2022-10-27 09:06:07.946897
post_50,user_35,Feeling blessed.,2022-10-28 09:06:07.946897
post_51,user_92,Feeling blessed.,2022-10-28 09:06:07.946897
post_52,user_66,I love my friends.,2022-10-30 09:06:07.946897
post_53,user_41,Feeling blessed.,2022-10-31 09:06:07.946897
post_54,user_11,I love my friends.,2022-10-31 09:06:07.946897
post_55,user_5,I love my friends.,2022-11-03 09:06:07.946897
post_56,user_19,Had a great day!,2022-11-03 09:06:07.946897
post_57,user_75,I love my friends.,2022-11-03 09:06:07.946897
post_58,user_53,Feeling blessed.,2022-11-04 09:06:07.946897
post_59,user_10,This place is amazing!,2022-11-04 09:06:07.946897
post_60,user_14,This place is amazing!,2022-11-05 09:06:07.946897
post_61,user_8,I love my friends.,2022-11-05 09:06:07.946897
post_62,user_9,I love my friends.,2022-11-06 09:06:07.946897
post_63,user_75,This place is amazing!,2022-11-07 09:06:07.946897
post_64,user_15,I love my friends.,2022-11-08 09:06:07.946897
post_65,user_27,I love my friends.,2022-11-09 09:06:07.946897
post_66,user_35,Had a great day!,2022-11-10 09:06:07.946897
post_67,user_44,Feeling blessed.,2022-11-10 09:06:07.946897
post_68,user_74,I love my friends.,2022-11-10 09:06:07.946897
post_69,user_91,Feeling blessed.,2022-11-10 09:06:07.946897
post_70,user_86,Had a great day!,2022-11-10 09:06:07.946897
post_71,user_93,This place is amazing!,2022-11-11 09:06:07.946897
post_72,user_18,Feeling blessed.,2022-11-11 09:06:07.946897
post_73,user_7,This place is amazing!,2022-11-11 09:06:07.946897
post_74,user_44,This place is amazing!,2022-11-12 09:06:07.946897
post_75,user_100,Feeling blessed.,2022-11-13 09:06:07.946897
post_76,user_14,This place is amazing!,2022-11-14 09:06:07.946897
post_77,user_77,I love my friends.,2022-11-15 09:06:07.946897
post_78,user_24,This place is amazing!,2022-11-15 09:06:07.946897
post_79,user_59,I love my friends.,2022-11-15 09:06:07.946897
post_80,user_58,This place is amazing!,2022-11-17 09:06:07.946897
post_81,user_54,This place is amazing!,2022-11-17 09:06:07.946897
post_82,user_9,This place is amazing!,2022-11-17 09:06:07.946897
post_83,user_76,Had a great day!,2022-11-19 09:06:07.946897
post_84,user_29,This place is amazing!,2022-11-19 09:06:07.946897
post_85,user_84,I love my friends.,2022-11-20 09:06:07.946897
post_86,user_19,I love my friends.,2022-11-21 09:06:07.946897
post_87,user_2,I love my friends.,2022-11-22 09:06:07.946897
post_88,user_14,Feeling blessed.,2022-11-22 09:06:07.946897
post_89,user_92,Had a great day!,2022-11-22 09:06:07.946897
post_90,user_6,Feeling blessed.,2022-11-22 09:06:07.946897
post_91,user_37,I love my friends.,2022-11-23 09:06:07.946897
post_92,user_61,This place is amazing!,2022-11-23 09:06:07.946897
post_93,user_94,Feeling blessed.,2022-11-24 09:06:07.946897
post_94,user_41,Feeling blessed.,2022-11-25 09:06:07.946897
post_95,user_22,Feeling blessed.,2022-11-25 09:06:07.946897
post_96,user_90,Had a great day!,2022-11-26 09:06:07.946897
post_97,user_43,Feeling blessed.,2022-11-26 09:06:07.946897
post_98,user_23,Had a great day!,2022-11-27 09:06:07.946897
post_99,user_81,This place is amazing!,2022-11-27 09:06:07.946897
post_100,user_58,Had a great day!,2022-11-28 09:06:07.946897
post_101,user_83,This place is amazing!,2022-11-28 09:06:07.946897
post_102,user_42,I love my friends.,2022-11-28 09:06:07.946897
post_103,user_30,Feeling blessed.,2022-11-30 09:06:07.946897
post_104,user_47,This place is amazing!,2022-12-01 09:06:07.946897
post_105,user_74,Feeling blessed.,2022-12-01 09:06:07.946897
post_106,user_37,Feeling blessed.,2022-12-02 09:06:07.946897
post_107,user_86,This place is amazing!,2022-12-03 09:06:07.946897
post_108,user_79,Had a great day!,2022-12-03 09:06:07.946897
post_109,user_31,This place is amazing!,2022-12-03 09:06:07.946897
post_110,user_64,This place is amazing!,2022-12-04 09:06:07.946897
post_111,user_93,Had a great day!,2022-12-05 09:06:07.946897
post_112,user_11,This place is amazing!,2022-12-05 09:06:07.946897
post_113,user_10,This place is amazing!,2022-12-06 09:06:07.946897
post_114,user_67,I love my friends.,2022-12-06 09:06:07.946897
post_115,user_32,I love my friends.,2022-12-07 09:06:07.946897
post_116,user_15,I love my friends.,2022-12-07 09:06:07.946897
post_117,user_11,Had a great day!,2022-12-07 09:06:07.946897
post_118,user_4,Had a great day!,2022-12-08 09:06:07.946897
post_119,user_86,Feeling blessed.,2022-12-08 09:06:07.946897
post_120,user_22,Had a great day!,2022-12-08 09:06:07.946897
post_121,user_36,Feeling blessed.,2022-12-09 09:06:07.946897
post_122,user_98,This place is amazing!,2022-12-10 09:06:07.946897
post_123,user_70,I love my friends.,2022-12-11 09:06:07.946897
post_124,user_20,This place is amazing!,2022-12-11 09:06:07.946897
post_125,user_92,Feeling blessed.,2022-12-12 09:06:07.946897
post_126,user_2,Had a great day!,2022-12-16 09:06:07.946897
post_127,user_5,I love my friends.,2022-12-16 09:06:07.946897
post_128,user_54,I love my friends.,2022-12-16 09:06:07.946897
post_129,user_62,This place is amazing!,2022-12-17 09:06:07.946897
post_130,user_75,Feeling blessed.,2022-12-17 09:06:07.946897
post_131,user_87,This place is amazing!,2022-12-18 09:06:07.946897
post_132,user_55,Had a great day!,2022-12-19 09:06:07.946897
post_133,user_18,Had a great day!,2022-12-19 09:06:07.946897
post_134,user_31,Feeling blessed.,2022-12-20 09:06:07.946897
post_135,user_90,I love my friends.,2022-12-21 09:06:07.946897
post_136,user_12,Had a great day!,2022-12-21 09:06:07.946897
post_137,user_72,Had a great day!,2022-12-22 09:06:07.946897
post_138,user_55,I love my friends.,2022-12-22 09:06:07.946897
post_139,user_55,This place is amazing!,2022-12-23 09:06:07.946897
post_140,user_24,I love my friends.,2022-12-26 09:06:07.946897
post_141,user_27,I love my friends.,2022-12-26 09:06:07.946897
post_142,user_62,Had a great day!,2022-12-26 09:06:07.946897
post_143,user_100,This place is amazing!,2022-12-26 09:06:07.946897
post_144,user_86,I love my friends.,2022-12-27 09:06:07.946897
post_145,user_55,Had a great day!,2022-12-27 09:06:07.946897
post_146,user_94,I love my friends.,2022-12-27 09:06:07.946897
post_147,user_80,Feeling blessed.,2022-12-27 09:06:07.946897
post_148,user_17,I love my friends.,2022-12-28 09:06:07.946897
post_149,user_18,Feeling blessed.,2022-12-28 09:06:07.946897
post_150,user_19,Had a great day!,2022-12-28 09:06:07.946897
post_151,user_30,This place is amazing!,2022-12-31 09:06:07.946897
post_152,user_51,Feeling blessed.,2022-12-31 09:06:07.946897
post_153,user_9,I love my friends.,2023-01-01 09:06:07.946897
post_154,user_96,I love my friends.,2023-01-01 09:06:07.946897
post_155,user_70,Had a great day!,2023-01-01 09:06:07.946897
post_156,user_40,I love my friends.,2023-01-02 09:06:07.946897
post_157,user_95,This place is amazing!,2023-01-02 09:06:07.946897
post_158,user_27,This place is amazing!,2023-01-03 09:06:07.946897
post_159,user_67,Feeling blessed.,2023-01-03 09:06:07.946897
post_160,user_52,This place is amazing!,2023-01-04 09:06:07.946897
post_161,user_81,This place is amazing!,2023-01-04 09:06:07.946897
post_162,user_19,Feeling blessed.,2023-01-05 09:06:07.946897
post_163,user_72,This place is amazing!,2023-01-05 09:06:07.946897
post_164,user_33,I love my friends.,2023-01-07 09:06:07.946897
post_165,user_25,Feeling blessed.,2023-01-08 09:06:07.946897
post_166,user_100,Feeling blessed.,2023-01-08 09:06:07.946897
post_167,user_8,This place is amazing!,2023-01-09 09:06:07.946897
post_168,user_77,This place is amazing!,2023-01-09 09:06:07.946897
post_169,user_22,I love my friends.,2023-01-10 09:06:07.946897
post_170,user_27,Feeling blessed.,2023-01-10 09:06:07.946897
post_171,user_25,Feeling blessed.,2023-01-12 09:06:07.946897
post_172,user_74,This place is amazing!,2023-01-12 09:06:07.946897
post_173,user_90,I love my friends.,2023-01-12 09:06:07.946897
post_174,user_60,Had a great day!,2023-01-12 09:06:07.946897
post_175,user_80,I love my friends.,2023-01-13 09:06:07.946897
post_176,user_84,Had a great day!,2023-01-13 09:06:07.946897
post_177,user_25,Had a great day!,2023-01-14 09:06:07.946897
post_178,user_61,This place is amazing!,2023-01-16 09:06:07.946897
post_179,user_1,Had a great day!,2023-01-19 09:06:07.946897
post_180,user_88,Had a great day!,2023-01-19 09:06:07.946897
post_181,user_36,Feeling blessed.,2023-01-22 09:06:07.946897
post_182,user_60,Had a great day!,2023-01-23 09:06:07.946897
post_183,user_26,Had a great day!,2023-01-23 09:06:07.946897
post_184,user_50,This place is amazing!,2023-01-23 09:06:07.946897
post_185,user_67,Had a great day!,2023-01-23 09:06:07.946897
post_186,user_77,Feeling blessed.,2023-01-24 09:06:07.946897
post_187,user_17,I love my friends.,2023-01-25 09:06:07.946897
post_188,user_7,Feeling blessed.,2023-01-25 09:06:07.946897
post_189,user_91,I love my friends.,2023-01-27 09:06:07.946897
post_190,user_42,This place is amazing!,2023-01-27 09:06:07.946897
post_191,user_25,I love my friends.,2023-01-27 09:06:07.946897
post_192,user_67,This place is amazing!,2023-01-28 09:06:07.946897
post_193,user_6,Had a great day!,2023-01-28 09:06:07.946897
post_194,user_76,I love my friends.,2023-01-30 09:06:07.946897
post_195,user_42,Had a great day!,2023-01-31 09:06:07.946897
post_196,user_3,This place is amazing!,2023-02-01 09:06:07.946897
post_197,user_60,Feeling blessed.,2023-02-01 09:06:07.946897
post_198,user_32,This place is amazing!,2023-02-02 09:06:07.946897
post_199,user_60,This place is amazing!,2023-02-02 09:06:07.946897
post_200,user_24,This place is amazing!,2023-02-03 09:06:07.946897
post_201,user_96,Feeling blessed.,2023-02-04 09:06:07.946897
post_202,user_66,Feeling blessed.,2023-02-06 09:06:07.946897
post_203,user_59,This place is amazing!,2023-02-06 09:06:07.946897
post_204,user_43,This place is amazing!,2023-02-08 09:06:07.946897
post_205,user_28,I love my friends.,2023-02-08 09:06:07.946897
post_206,user_36,Feeling blessed.,2023-02-09 09:06:07.946897
post_207,user_78,Feeling blessed.,2023-02-09 09:06:07.946897
post_208,user_34,This place is amazing!,2023-02-10 09:06:07.946897
post_209,user_51,Had a great day!,2023-02-12 09:06:07.946897
post_210,user_99,Feeling blessed.,2023-02-13 09:06:07.946897
post_211,user_73,This place is amazing!,2023-02-13 09:06:07.946897
post_212,user_93,Feeling blessed.,2023-02-14 09:06:07.946897
post_213,user_82,I love my friends.,2023-02-17 09:06:07.946897
post_214,user_16,This place is amazing!,2023-02-19 09:06:07.946897
post_215,user_100,Feeling blessed.,2023-02-20 09:06:07.946897
post_216,user_33,Had a great day!,2023-02-25 09:06:07.946897
post_217,user_23,I love my friends.,2023-02-26 09:06:07.946897
post_218,user_62,Had a great day!,2023-02-26 09:06:07.946897
post_219,user_24,Feeling blessed.,2023-02-26 09:06:07.946897
post_220,user_2,Had a great day!,2023-02-28 09:06:07.946897
post_221,user_66,This place is amazing!,2023-02-28 09:06:07.946897
post_222,user_27,Feeling blessed.,2023-03-01 09:06:07.946897
post_223,user_99,I love my friends.,2023-03-01 09:06:07.946897
post_224,user_18,Feeling blessed.,2023-03-03 09:06:07.946897
post_225,user_11,Had a great day!,2023-03-03 09:06:07.946897
post_226,user_74,Had a great day!,2023-03-03 09:06:07.946897
post_227,user_89,This place is amazing!,2023-03-04 09:06:07.946897
post_228,user_24,Feeling blessed.,2023-03-04 09:06:07.946897
post_229,user_84,Had a great day!,2023-03-05 09:06:07.946897
post_230,user_44,This place is amazing!,2023-03-05 09:06:07.946897
post_231,user_96,This place is amazing!,2023-03-05 09:06:07.946897
post_232,user_7,This place is amazing!,2023-03-06 09:06:07.946897
post_233,user_81,This place is amazing!,2023-03-08 09:06:07.946897
post_234,user_69,I love my friends.,2023-03-08 09:06:07.946897
post_235,user_22,This place is amazing!,2023-03-09 09:06:07.946897
post_236,user_17,Had a great day!,2023-03-10 09:06:07.946897
post_237,user_13,I love my friends.,2023-03-12 09:06:07.946897
post_238,user_94,Feeling blessed.,2023-03-12 09:06:07.946897
post_239,user_82,Feeling blessed.,2023-03-13 09:06:07.946897
post_240,user_85,Had a great day!,2023-03-14 09:06:07.946897
post_241,user_66,Had a great day!,2023-03-16 09:06:07.946897
post_242,user_56,This place is amazing!,2023-03-17 09:06:07.946897
post_243,user_64,Had a great day!,2023-03-17 09:06:07.946897
post_244,user_66,Feeling blessed.,2023-03-17 09:06:07.946897
post_245,user_48,I love my friends.,2023-03-18 09:06:07.946897
post_246,user_75,I love my friends.,2023-03-18 09:06:07.946897
post_247,user_9,Had a great day!,2023-03-18 09:06:07.946897
post_248,user_64,I love my friends.,2023-03-18 09:06:07.946897
post_249,user_99,I love my friends.,2023-03-19 09:06:07.946897
post_250,user_82,This place is amazing!,2023-03-20 09:06:07.946897
post_251,user_60,Had a great day!,2023-03-22 09:06:07.946897
post_252,user_25,I love my friends.,2023-03-22 09:06:07.946897
post_253,user_91,I love my friends.,2023-03-22 09:06:07.946897
post_254,user_14,I love my friends.,2023-03-23 09:06:07.946897
post_255,user_61,I love my friends.,2023-03-23 09:06:07.946897
post_256,user_51,This place is amazing!,2023-03-24 09:06:07.946897
post_257,user_37,Had a great day!,2023-03-25 09:06:07.946897
post_258,user_8,This place is amazing!,2023-03-25 09:06:07.946897
post_259,user_20,I love my friends.,2023-03-26 09:06:07.946897
post_260,user_8,Had a great day!,2023-03-27 09:06:07.946897
post_261,user_8,This place is amazing!,2023-03-28 09:06:07.946897
post_262,user_100,This place is amazing!,2023-03-30 09:06:07.946897
post_263,user_50,Feeling blessed.,2023-03-31 09:06:07.946897
post_264,user_45,I love my friends.,2023-04-02 09:06:07.946897
post_265,user_59,Feeling blessed.,2023-04-04 09:06:07.946897
post_266,user_53,I love my friends.,2023-04-05 09:06:07.946897
post_267,user_77,Had a great day!,2023-04-05 09:06:07.946897
post_268,user_59,I love my friends.,2023-04-05 09:06:07.946897
post_269,user_75,This place is amazing!,2023-04-05 09:06:07.946897
post_270,user_82,Had a great day!,2023-04-06 09:06:07.946897
post_271,user_99,This place is amazing!,2023-04-06 09:06:07.946897
post_272,user_54,Had a great day!,2023-04-07 09:06:07.946897
post_273,user_42,I love my friends.,2023-04-08 09:06:07.946897
post_274,user_88,Had a great day!,2023-04-08 09:06:07.946897
post_275,user_5,Feeling blessed.,2023-04-09 09:06:07.946897
post_276,user_62,Feeling blessed.,2023-04-10 09:06:07.946897
post_277,user_93,Had a great day!,2023-04-10 09:06:07.946897
post_278,user_92,Feeling blessed.,2023-04-11 09:06:07.946897
post_279,user_78,This place is amazing!,2023-04-12 09:06:07.946897
post_280,user_81,Feeling blessed.,2023-04-12 09:06:07.946897
post_281,user_82,I love my friends.,2023-04-13 09:06:07.946897
post_282,user_82,Feeling blessed.,2023-04-13 09:06:07.946897
post_283,user_29,This place is amazing!,2023-04-13 09:06:07.946897
post_284,user_71,This place is amazing!,2023-04-13 09:06:07.946897
post_285,user_57,I love my friends.,2023-04-15 09:06:07.946897
post_286,user_45,Had a great day!,2023-04-15 09:06:07.946897
post_287,user_74,Had a great day!,2023-04-17 09:06:07.946897
post_288,user_51,Feeling blessed.,2023-04-17 09:06:07.946897
post_289,user_61,Feeling blessed.,2023-04-18 09:06:07.946897
post_290,user_58,Had a great day!,2023-04-18 09:06:07.946897
post_291,user_8,I love my friends.,2023-04-19 09:06:07.946897
post_292,user_36,I love my friends.,2023-04-19 09:06:07.946897
post_293,user_70,This place is amazing!,2023-04-19 09:06:07.946897
post_294,user_14,Had a great day!,2023-04-19 09:06:07.946897
post_295,user_79,Feeling blessed.,2023-04-19 09:06:07.946897
post_296,user_16,Had a great day!,2023-04-21 09:06:07.946897
post_297,user_76,This place is amazing!,2023-04-22 09:06:07.946897
post_298,user_76,I love my friends.,2023-04-23 09:06:07.946897
post_299,user_49,I love my friends.,2023-04-23 09:06:07.946897
post_300,user_23,This place is amazing!,2023-04-23 09:06:07.946897
post_301,user_19,Just another day.,2023-04-24 09:06:07.946897
post_302,user_75,This place is amazing!,2023-04-25 09:06:07.946897
post_303,user_52,Had a great day!,2023-04-25 09:06:07.946897
post_304,user_10,Just another day.,2023-04-26 09:06:07.946897
post_305,user_56,This place is amazing!,2023-04-26 09:06:07.946897
post_306,user_40,Could be better.,2023-04-27 09:06:07.946897
post_307,user_89,Feeling blessed.,2023-04-28 09:06:07.946897
post_308,user_48,Feeling blessed.,2023-04-29 09:06:07.946897
post_309,user_58,Had a great day!,2023-05-01 09:06:07.946897
post_310,user_27,I love my friends.,2023-05-02 09:06:07.946897
post_311,user_42,Could be better.,2023-05-04 09:06:07.946897
post_312,user_1,I love my friends.,2023-05-06 09:06:07.946897
post_313,user_21,Just another day.,2023-05-08 09:06:07.946897
post_314,user_37,Feeling blessed.,2023-05-10 09:06:07.946897
post_315,user_64,Feeling a bit down today.,2023-05-10 09:06:07.946897
post_316,user_24,I love my friends.,2023-05-10 09:06:07.946897
post_317,user_49,I love my friends.,2023-05-10 09:06:07.946897
post_318,user_39,Feeling blessed.,2023-05-11 09:06:07.946897
post_319,user_61,Feeling a bit down today.,2023-05-12 09:06:07.946897
post_320,user_91,Just another day.,2023-05-12 09:06:07.946897
post_321,user_46,Feeling a bit down today.,2023-05-13 09:06:07.946897
post_322,user_86,Feeling a bit down today.,2023-05-13 09:06:07.946897
post_323,user_39,Could be better.,2023-05-13 09:06:07.946897
post_324,user_51,Feeling a bit down today.,2023-05-15 09:06:07.946897
post_325,user_43,Just another day.,2023-05-16 09:06:07.946897
post_326,user_56,Feeling a bit down today.,2023-05-16 09:06:07.946897
post_327,user_70,Could be better.,2023-05-16 09:06:07.946897
post_328,user_28,Feeling a bit down today.,2023-05-17 09:06:07.946897
post_329,user_95,I love my friends.,2023-05-18 09:06:07.946897
post_330,user_20,Feeling a bit down today.,2023-05-18 09:06:07.946897
post_331,user_70,Could be better.,2023-05-20 09:06:07.946897
post_332,user_55,This place is amazing!,2023-05-20 09:06:07.946897
post_333,user_71,This place is amazing!,2023-05-20 09:06:07.946897
post_334,user_69,Just another day.,2023-05-21 09:06:07.946897
post_335,user_41,Feeling a bit down today.,2023-05-21 09:06:07.946897
post_336,user_65,I love my friends.,2023-05-21 09:06:07.946897
post_337,user_3,Could be better.,2023-05-21 09:06:07.946897
post_338,user_45,I love my friends.,2023-05-21 09:06:07.946897
post_339,user_19,Could be better.,2023-05-22 09:06:07.946897
post_340,user_83,Feeling a bit down today.,2023-05-23 09:06:07.946897
post_341,user_53,This place is amazing!,2023-05-23 09:06:07.946897
post_342,user_1,Had a great day!,2023-05-23 09:06:07.946897
post_343,user_50,Feeling blessed.,2023-05-24 09:06:07.946897
post_344,user_82,This place is amazing!,2023-05-24 09:06:07.946897
post_345,user_64,Feeling blessed.,2023-05-25 09:06:07.946897
post_346,user_89,Had a great day!,2023-05-25 09:06:07.946897
post_347,user_58,I love my friends.,2023-05-26 09:06:07.946897
post_348,user_63,This place is amazing!,2023-05-27 09:06:07.946897
post_349,user_90,Had a great day!,2023-05-27 09:06:07.946897
post_350,user_9,Had a great day!,2023-05-27 09:06:07.946897
post_351,user_79,Could be better.,2023-05-28 09:06:07.946897
post_352,user_78,I love my friends.,2023-05-30 09:06:07.946897
post_353,user_51,This place is amazing!,2023-05-31 09:06:07.946897
post_354,user_33,I love my friends.,2023-06-02 09:06:07.946897
post_355,user_13,Had a great day!,2023-06-02 09:06:07.946897
post_356,user_97,Could be better.,2023-06-02 09:06:07.946897
post_357,user_68,This place is amazing!,2023-06-03 09:06:07.946897
post_358,user_20,Had a great day!,2023-06-03 09:06:07.946897
post_359,user_72,Could be better.,2023-06-04 09:06:07.946897
post_360,user_22,Could be better.,2023-06-05 09:06:07.946897
post_361,user_78,This place is amazing!,2023-06-06 09:06:07.946897
post_362,user_20,Feeling a bit down today.,2023-06-06 09:06:07.946897
post_363,user_10,Could be better.,2023-06-06 09:06:07.946897
post_364,user_89,Just another day.,2023-06-07 09:06:07.946897
post_365,user_40,Feeling blessed.,2023-06-09 09:06:07.946897
post_366,user_80,Could be better.,2023-06-10 09:06:07.946897
post_367,user_68,Feeling blessed.,2023-06-10 09:06:07.946897
post_368,user_100,This place is amazing!,2023-06-10 09:06:07.946897
post_369,user_44,Feeling blessed.,2023-06-11 09:06:07.946897
post_370,user_66,Could be better.,2023-06-12 09:06:07.946897
post_371,user_11,Had a great day!,2023-06-12 09:06:07.946897
post_372,user_1,Had a great day!,2023-06-12 09:06:07.946897
post_373,user_37,I love my friends.,2023-06-13 09:06:07.946897
post_374,user_37,Feeling blessed.,2023-06-14 09:06:07.946897
post_375,user_62,Just another day.,2023-06-16 09:06:07.946897
post_376,user_84,I love my friends.,2023-06-17 09:06:07.946897
post_377,user_28,This place is amazing!,2023-06-18 09:06:07.946897
post_378,user_9,Could be better.,2023-06-19 09:06:07.946897
post_379,user_36,Had a great day!,2023-06-19 09:06:07.946897
post_380,user_9,Feeling blessed.,2023-06-20 09:06:07.946897
post_381,user_83,Just another day.,2023-06-21 09:06:07.946897
post_382,user_26,Could be better.,2023-06-22 09:06:07.946897
post_383,user_89,I love my friends.,2023-06-22 09:06:07.946897
post_384,user_43,Just another day.,2023-06-23 09:06:07.946897
post_385,user_13,Could be better.,2023-06-24 09:06:07.946897
post_386,user_46,Feeling a bit down today.,2023-06-25 09:06:07.946897
post_387,user_73,Just another day.,2023-06-25 09:06:07.946897
post_388,user_28,I love my friends.,2023-06-26 09:06:07.946897
post_389,user_75,Feeling a bit down today.,2023-06-27 09:06:07.946897
post_390,user_4,Feeling a bit down today.,2023-06-27 09:06:07.946897
post_391,user_37,Had a great day!,2023-06-27 09:06:07.946897
post_392,user_54,Just another day.,2023-06-28 09:06:07.946897
post_393,user_50,Feeling blessed.,2023-06-28 09:06:07.946897
post_394,user_85,I love my friends.,2023-07-01 09:06:07.946897
post_395,user_85,Could be better.,2023-07-03 09:06:07.946897
post_396,user_43,Just another day.,2023-07-03 09:06:07.946897
post_397,user_31,Feeling blessed.,2023-07-05 09:06:07.946897
post_398,user_20,Could be better.,2023-07-07 09:06:07.946897
post_399,user_24,Feeling a bit down today.,2023-07-07 09:06:07.946897
post_400,user_14,Feeling a bit down today.,2023-07-07 09:06:07.946897
post_401,user_85,Feeling blessed.,2023-07-08 09:06:07.946897
post_402,user_65,I love my friends.,2023-07-09 09:06:07.946897
post_403,user_14,I love my friends.,2023-07-09 09:06:07.946897
post_404,user_50,Had a great day!,2023-07-09 09:06:07.946897
post_405,user_10,Feeling a bit down today.,2023-07-09 09:06:07.946897
post_406,user_88,Had a great day!,2023-07-09 09:06:07.946897
post_407,user_100,Just another day.,2023-07-11 09:06:07.946897
post_408,user_2,Feeling a bit down today.,2023-07-12 09:06:07.946897
post_409,user_46,Had a great day!,2023-07-16 09:06:07.946897
post_410,user_74,Just another day.,2023-07-16 09:06:07.946897
post_411,user_72,Had a great day!,2023-07-16 09:06:07.946897
post_412,user_73,Could be better.,2023-07-17 09:06:07.946897
post_413,user_91,Just another day.,2023-07-18 09:06:07.946897
post_414,user_56,Could be better.,2023-07-20 09:06:07.946897
post_415,user_42,I love my friends.,2023-07-24 09:06:07.946897
post_416,user_11,Feeling a bit down today.,2023-07-24 09:06:07.946897
post_417,user_45,This place is amazing!,2023-07-25 09:06:07.946897
post_418,user_36,I love my friends.,2023-07-26 09:06:07.946897
post_419,user_69,Feeling blessed.,2023-07-26 09:06:07.946897
post_420,user_38,Just another day.,2023-07-27 09:06:07.946897
post_421,user_88,Feeling blessed.,2023-07-27 09:06:07.946897
post_422,user_60,Feeling blessed.,2023-07-28 09:06:07.946897
post_423,user_13,Feeling blessed.,2023-07-28 09:06:07.946897
post_424,user_77,Had a great day!,2023-07-28 09:06:07.946897
post_425,user_99,Could be better.,2023-07-29 09:06:07.946897
post_426,user_58,Feeling blessed.,2023-07-30 09:06:07.946897
post_427,user_70,Had a great day!,2023-07-30 09:06:07.946897
post_428,user_83,This place is amazing!,2023-07-31 09:06:07.946897
post_429,user_39,Feeling a bit down today.,2023-08-01 09:06:07.946897
post_430,user_61,Feeling a bit down today.,2023-08-01 09:06:07.946897
post_431,user_79,Feeling blessed.,2023-08-01 09:06:07.946897
post_432,user_16,Feeling blessed.,2023-08-01 09:06:07.946897
post_433,user_67,This place is amazing!,2023-08-03 09:06:07.946897
post_434,user_34,Could be better.,2023-08-03 09:06:07.946897
post_435,user_37,This place is amazing!,2023-08-04 09:06:07.946897
post_436,user_20,Had a great day!,2023-08-04 09:06:07.946897
post_437,user_88,Feeling blessed.,2023-08-06 09:06:07.946897
post_438,user_21,Feeling blessed.,2023-08-06 09:06:07.946897
post_439,user_93,Had a great day!,2023-08-08 09:06:07.946897
post_440,user_24,Just another day.,2023-08-09 09:06:07.946897
post_441,user_34,I love my friends.,2023-08-09 09:06:07.946897
post_442,user_23,Feeling blessed.,2023-08-09 09:06:07.946897
post_443,user_63,Feeling a bit down today.,2023-08-09 09:06:07.946897
post_444,user_99,Feeling a bit down today.,2023-08-11 09:06:07.946897
post_445,user_66,Could be better.,2023-08-15 09:06:07.946897
post_446,user_28,I love my friends.,2023-08-16 09:06:07.946897
post_447,user_32,Had a great day!,2023-08-16 09:06:07.946897
post_448,user_17,Could be better.,2023-08-16 09:06:07.946897
post_449,user_45,Had a great day!,2023-08-17 09:06:07.946897
post_450,user_87,This place is amazing!,2023-08-17 09:06:07.946897
post_451,user_61,Feeling blessed.,2023-08-19 09:06:07.946897
post_452,user_42,Just another day.,2023-08-21 09:06:07.946897
post_453,user_36,I love my friends.,2023-08-21 09:06:07.946897
post_454,user_96,Feeling blessed.,2023-08-21 09:06:07.946897
post_455,user_79,Had a great day!,2023-08-21 09:06:07.946897
post_456,user_66,Just another day.,2023-08-22 09:06:07.946897
post_457,user_42,Feeling blessed.,2023-08-23 09:06:07.946897
post_458,user_66,Had a great day!,2023-08-23 09:06:07.946897
post_459,user_57,Could be better.,2023-08-24 09:06:07.946897
post_460,user_6,Could be better.,2023-08-26 09:06:07.946897
post_461,user_66,Could be better.,2023-08-26 09:06:07.946897
post_462,user_26,I love my friends.,2023-08-29 09:06:07.946897
post_463,user_33,Feeling a bit down today.,2023-08-29 09:06:07.946897
post_464,user_19,Feeling a bit down today.,2023-08-29 09:06:07.946897
post_465,user_5,Just another day.,2023-08-30 09:06:07.946897
post_466,user_77,This place is amazing!,2023-08-30 09:06:07.946897
post_467,user_69,I love my friends.,2023-08-30 09:06:07.946897
post_468,user_38,Had a great day!,2023-08-31 09:06:07.946897
post_469,user_42,Had a great day!,2023-08-31 09:06:07.946897
post_470,user_98,Feeling blessed.,2023-08-31 09:06:07.946897
post_471,user_49,Just another day.,2023-09-01 09:06:07.946897
post_472,user_32,This place is amazing!,2023-09-02 09:06:07.946897
post_473,user_56,Had a great day!,2023-09-02 09:06:07.946897
post_474,user_86,Just another day.,2023-09-02 09:06:07.946897
post_475,user_42,Feeling blessed.,2023-09-03 09:06:07.946897
post_476,user_96,Just another day.,2023-09-04 09:06:07.946897
post_477,user_71,Feeling a bit down today.,2023-09-06 09:06:07.946897
post_478,user_4,Feeling a bit down today.,2023-09-06 09:06:07.946897
post_479,user_100,Just another day.,2023-09-07 09:06:07.946897
post_480,user_39,Feeling a bit down today.,2023-09-07 09:06:07.946897
post_481,user_81,I love my friends.,2023-09-08 09:06:07.946897
post_482,user_63,This place is amazing!,2023-09-08 09:06:07.946897
post_483,user_38,Could be better.,2023-09-09 09:06:07.946897
post_484,user_89,Just another day.,2023-09-10 09:06:07.946897
post_485,user_11,Feeling blessed.,2023-09-11 09:06:07.946897
post_486,user_59,Could be better.,2023-09-11 09:06:07.946897
post_487,user_79,Had a great day!,2023-09-14 09:06:07.946897
post_488,user_21,Just another day.,2023-09-14 09:06:07.946897
post_489,user_37,Could be better.,2023-09-15 09:06:07.946897
post_490,user_58,This place is amazing!,2023-09-15 09:06:07.946897
post_491,user_89,I love my friends.,2023-09-17 09:06:07.946897
post_492,user_80,Could be better.,2023-09-17 09:06:07.946897
post_493,user_29,I love my friends.,2023-09-19 09:06:07.946897
post_494,user_46,Had a great day!,2023-09-19 09:06:07.946897
post_495,user_66,This place is amazing!,2023-09-19 09:06:07.946897
post_496,user_91,Just another day.,2023-09-20 09:06:07.946897
post_497,user_24,Just another day.,2023-09-20 09:06:07.946897
post_498,user_83,This place is amazing!,2023-09-21 09:06:07.946897
post_499,user_78,Just another day.,2023-09-21 09:06:07.946897
post_500,user_70,Feeling a bit down today.,2023-09-21 09:06:07.946897
